Workbook

Sheet RAW DATA
A1: Kelvin Nlebemchukwu
E2: SPY | F2: MA | G2: BAC | H2: AAPL | I2: COST | J2: HD | K2: LLY | L2: META | M2: MSFT | N2: PG | O2: UNH
A3: Date | C3: R-F (APR) | D3: Rf_monthly (%). | E3: Adj Close | F3: Adj Close | G3: Adj Close | H3: Adj Close | I3: Adj Close | J3: Adj Close | K3: Adj Close | L3: Adj Close | M3: Adj Close | N3: Adj Close | O3: Adj Close
A4: 44166 | B4: 202012 | C4: 0.12 | D4: =C4/12 -> 0.01 | E4: 347.53 | F4: 346.45 | G4: 26.7 | H4: 129.17 | I4: 346.93 | J4: 233.89 | K4: 160.23 | L4: 271.27 | M4: 213.42 | N4: 121.91 | O4: 322.08
A5: 44197 | B5: 202101 | C5: 0 | D5: =C5/12 -> 0 | E5: 345.45 | F5: 307 | G5: 26.28 | H5: 128.46 | I5: 333.01 | J5: 239.77 | K5: 197.36 | L5: 256.54 | M5: 222.57 | N5: 112.34 | O5: 307.47
A6: 44228 | B6: 202102 | C6: 0 | D6: =C6/12 -> 0 | E6: 355.06 | F6: 343.89 | G6: 30.76 | H6: 118.04 | I6: 312.76 | J6: 228.72 | K6: 194.44 | L6: 255.83 | M6: 222.98 | N6: 108.89 | O6: 306.22
A7: 44256 | B7: 202103 | C7: 0 | D7: =C7/12 -> 0 | E7: 369.96 | F7: 346.03 | G7: 34.29 | H7: 119.08 | I7: 333.71 | J7: 270.25 | K7: 178.03 | L7: 292.49 | M7: 226.75 | N7: 119.38 | O7: 342.95
A8: 44287 | B8: 202104 | C8: 0 | D8: =C8/12 -> 0 | E8: 390.82 | F8: 371.31 | G8: 36.1 | H8: 128.16 | I8: 352.28 | J8: 288.35 | K8: 174.17 | L8: 322.82 | M8: 242.53 | N8: 117.61 | O8: 368.89
A9: 44317 | B9: 202105 | C9: 0 | D9: =C9/12 -> 0 | E9: 393.38 | F9: 350.85 | G9: 37.75 | H9: 121.48 | I9: 358.89 | J9: 284.11 | K9: 190.34 | L9: 326.45 | M9: 240.13 | N9: 119.63 | O9: 381.03
A10: 44348 | B10: 202106 | C10: 0 | D10: =C10/12 -> 0 | E10: 400.89 | F10: 355.24 | G10: 36.72 | H10: 133.75 | I10: 375.4 | J10: 284.09 | K10: 219.69 | L10: 345.3 | M10: 261.14 | N10: 119.7 | O10: 370.41
A11: 44378 | B11: 202107 | C11: 0 | D11: =C11/12 -> 0 | E11: 412.02 | F11: 375.52 | G11: 34.31 | H11: 142.44 | I11: 407.71 | J11: 293.91 | K11: 233.07 | L11: 353.83 | M11: 274.64 | N11: 126.17 | O11: 382.71
A12: 44409 | B12: 202108 | C12: 0 | D12: =C12/12 -> 0 | E12: 424.28 | F12: 337.28 | G12: 37.34 | H12: 148.27 | I12: 432.97 | J12: 292.11 | K12: 247.22 | L12: 376.75 | M12: 291 | N12: 127.11 | O12: 386.47
A13: 44440 | B13: 202109 | C13: 0 | D13: =C13/12 -> 0 | E13: 403.22 | F13: 338.69 | G13: 37.97 | H13: 138.39 | I13: 427.13 | J13: 293.97 | K13: 221.86 | L13: 337.04 | M13: 272.28 | N13: 124.8 | O13: 362.76
A14: 44470 | B14: 202110 | C14: 0 | D14: =C14/12 -> 0 | E14: 432.89 | F14: 326.85 | G14: 42.95 | H14: 146.51 | I14: 467.24 | J14: 334.6 | K14: 244.63 | L14: 321.33 | M14: 320.28 | N14: 127.65 | O14: 429
A15: 44501 | B15: 202111 | C15: 0 | D15: =C15/12 -> 0 | E15: 429.41 | F15: 307.17 | G15: 39.98 | H15: 161.67 | I15: 513.54 | J15: 360.59 | K15: 238.18 | L15: 322.21 | M15: 319.29 | N15: 129.87 | O15: 413.86
... A64: 45992 | B64: 202512 | C64: 3.5 | D64: =C64/12 -> 0.29166667 | E64: 679.91 | F64: 570.02 | G64: 54.72 | H64: 271.86 | I64: 861.16 | J64: 341.89 | K64: 1074.68 | L64: 659.55 | M64: 483.62 | N64: 142.3 | O64: 327.91

Sheet  MONTHLY RETURN
A1: Kelvin Nlebemchukwu
D2: Formula: For individua stock ((Adj Closing at the current period / Adj Closing for the past period) - 1) x 100. For portfolio return: Sum of all individual return for the month / the numbers | M2: sum of all monthly return / no of months
A4: Date | B4: SPY Return % | C4: MA Return % | D4: BAC Return % | E4: AAPL Return % | F4: COST Return % | G4: HD Return % | H4: LLY Return % | I4: Meta Return % | J4: MSFT Return % | K4: PG Return % | L4: UNH Return % | M4: Portfolio Return %
A5: 44166
A6: 44197 | B6: =('RAW DATA'!E5/'RAW DATA'!E4-1)*100 -> -0.59850948 | C6: =('RAW DATA'!F5/'RAW DATA'!F4-1)*100 -> -11.386925 | D6: =('RAW DATA'!G5/'RAW DATA'!G4-1)*100 -> -1.5730337 | E6: =('RAW DATA'!H5/'RAW DATA'!H4-1)*100 -> -0.54966323 | F6: =('RAW DATA'!I5/'RAW DATA'!I4-1)*100 -> -4.0123368 | G6: =('RAW DATA'!J5/'RAW DATA'!J4-1)*100 -> 2.5140023 | H6: =('RAW DATA'!K5/'RAW DATA'!K4-1)*100 -> 23.172939 | I6: =('RAW DATA'!L5/'RAW DATA'!L4-1)*100 -> -5.4300144 | ... L6: =('RAW DATA'!O5/'RAW DATA'!O4-1)*100 -> -4.5361401 | M6: =AVERAGE(C6:L6) -> -0.5363904
A7: 44228 | B7: =('RAW DATA'!E6/'RAW DATA'!E5-1)*100 -> 2.7818787 | C7: =('RAW DATA'!F6/'RAW DATA'!F5-1)*100 -> 12.016287 | D7: =('RAW DATA'!G6/'RAW DATA'!G5-1)*100 -> 17.047184 | E7: =('RAW DATA'!H6/'RAW DATA'!H5-1)*100 -> -8.1114744 | F7: =('RAW DATA'!I6/'RAW DATA'!I5-1)*100 -> -6.0808985 | G7: =('RAW DATA'!J6/'RAW DATA'!J5-1)*100 -> -4.6085832 | H7: =('RAW DATA'!K6/'RAW DATA'!K5-1)*100 -> -1.4795298 | I7: =('RAW DATA'!L6/'RAW DATA'!L5-1)*100 -> -0.27675996 | ... L7: =('RAW DATA'!O6/'RAW DATA'!O5-1)*100 -> -0.40654373 | M7: =AVERAGE(C7:L7) -> 0.52128586
A8: 44256 | B8: =('RAW DATA'!E7/'RAW DATA'!E6-1)*100 -> 4.1964738 | C8: =('RAW DATA'!F7/'RAW DATA'!F6-1)*100 -> 0.62229201 | D8: =('RAW DATA'!G7/'RAW DATA'!G6-1)*100 -> 11.475943 | E8: =('RAW DATA'!H7/'RAW DATA'!H6-1)*100 -> 0.88105727 | F8: =('RAW DATA'!I7/'RAW DATA'!I6-1)*100 -> 6.6984269 | G8: =('RAW DATA'!J7/'RAW DATA'!J6-1)*100 -> 18.157573 | H8: =('RAW DATA'!K7/'RAW DATA'!K6-1)*100 -> -8.4396215 | I8: =('RAW DATA'!L7/'RAW DATA'!L6-1)*100 -> 14.329828 | ... L8: =('RAW DATA'!O7/'RAW DATA'!O6-1)*100 -> 11.994644 | M8: =AVERAGE(C8:L8) -> 6.7044453
A9: 44287 | B9: =('RAW DATA'!E8/'RAW DATA'!E7-1)*100 -> 5.6384474 | C9: =('RAW DATA'!F8/'RAW DATA'!F7-1)*100 -> 7.3057249 | D9: =('RAW DATA'!G8/'RAW DATA'!G7-1)*100 -> 5.2785069 | E9: =('RAW DATA'!H8/'RAW DATA'!H7-1)*100 -> 7.625126 | F9: =('RAW DATA'!I8/'RAW DATA'!I7-1)*100 -> 5.5647119 | G9: =('RAW DATA'!J8/'RAW DATA'!J7-1)*100 -> 6.6975023 | H9: =('RAW DATA'!K8/'RAW DATA'!K7-1)*100 -> -2.1681739 | I9: =('RAW DATA'!L8/'RAW DATA'!L7-1)*100 -> 10.369585 | ... L9: =('RAW DATA'!O8/'RAW DATA'!O7-1)*100 -> 7.5637848 | M9: =AVERAGE(C9:L9) -> 5.3713314
A10: 44317 | B10: =('RAW DATA'!E9/'RAW DATA'!E8-1)*100 -> 0.65503301 | C10: =('RAW DATA'!F9/'RAW DATA'!F8-1)*100 -> -5.5102206 | D10: =('RAW DATA'!G9/'RAW DATA'!G8-1)*100 -> 4.5706371 | E10: =('RAW DATA'!H9/'RAW DATA'!H8-1)*100 -> -5.2122347 | F10: =('RAW DATA'!I9/'RAW DATA'!I8-1)*100 -> 1.8763484 | G10: =('RAW DATA'!J9/'RAW DATA'!J8-1)*100 -> -1.4704352 | H10: =('RAW DATA'!K9/'RAW DATA'!K8-1)*100 -> 9.2840328 | I10: =('RAW DATA'!L9/'RAW DATA'!L8-1)*100 -> 1.1244656 | ... L10: =('RAW DATA'!O9/'RAW DATA'!O8-1)*100 -> 3.2909539 | M10: =AVERAGE(C10:L10) -> 0.86815201
A11: 44348 | B11: =('RAW DATA'!E10/'RAW DATA'!E9-1)*100 -> 1.9090955 | C11: =('RAW DATA'!F10/'RAW DATA'!F9-1)*100 -> 1.251247 | D11: =('RAW DATA'!G10/'RAW DATA'!G9-1)*100 -> -2.7284768 | E11: =('RAW DATA'!H10/'RAW DATA'!H9-1)*100 -> 10.100428 | F11: =('RAW DATA'!I10/'RAW DATA'!I9-1)*100 -> 4.6002954 | G11: =('RAW DATA'!J10/'RAW DATA'!J9-1)*100 -> -0.0070395269 | H11: =('RAW DATA'!K10/'RAW DATA'!K9-1)*100 -> 15.419775 | I11: =('RAW DATA'!L10/'RAW DATA'!L9-1)*100 -> 5.774238 | ... L11: =('RAW DATA'!O10/'RAW DATA'!O9-1)*100 -> -2.7871821 | M11: =AVERAGE(C11:L11) -> 4.0431226
A12: 44378 | B12: =('RAW DATA'!E11/'RAW DATA'!E10-1)*100 -> 2.7763227 | C12: =('RAW DATA'!F11/'RAW DATA'!F10-1)*100 -> 5.7088166 | D12: =('RAW DATA'!G11/'RAW DATA'!G10-1)*100 -> -6.5631808 | E12: =('RAW DATA'!H11/'RAW DATA'!H10-1)*100 -> 6.4971963 | F12: =('RAW DATA'!I11/'RAW DATA'!I10-1)*100 -> 8.6068194 | G12: =('RAW DATA'!J11/'RAW DATA'!J10-1)*100 -> 3.4566511 | H12: =('RAW DATA'!K11/'RAW DATA'!K10-1)*100 -> 6.0904001 | I12: =('RAW DATA'!L11/'RAW DATA'!L10-1)*100 -> 2.4703157 | ... L12: =('RAW DATA'!O11/'RAW DATA'!O10-1)*100 -> 3.3206447 | M12: =AVERAGE(C12:L12) -> 4.0162483
A13: 44409 | B13: =('RAW DATA'!E12/'RAW DATA'!E11-1)*100 -> 2.9755837 | C13: =('RAW DATA'!F12/'RAW DATA'!F11-1)*100 -> -10.183213 | D13: =('RAW DATA'!G12/'RAW DATA'!G11-1)*100 -> 8.8312445 | E13: =('RAW DATA'!H12/'RAW DATA'!H11-1)*100 -> 4.0929514 | F13: =('RAW DATA'!I12/'RAW DATA'!I11-1)*100 -> 6.1955802 | G13: =('RAW DATA'!J12/'RAW DATA'!J11-1)*100 -> -0.61243238 | H13: =('RAW DATA'!K12/'RAW DATA'!K11-1)*100 -> 6.0711374 | I13: =('RAW DATA'!L12/'RAW DATA'!L11-1)*100 -> 6.477687 | ... L13: =('RAW DATA'!O12/'RAW DATA'!O11-1)*100 -> 0.98246714 | M13: =AVERAGE(C13:L13) -> 2.8557338
A14: 44440 | B14: =('RAW DATA'!E13/'RAW DATA'!E12-1)*100 -> -4.9637032 | C14: =('RAW DATA'!F13/'RAW DATA'!F12-1)*100 -> 0.41805028 | D14: =('RAW DATA'!G13/'RAW DATA'!G12-1)*100 -> 1.6871987 | E14: =('RAW DATA'!H13/'RAW DATA'!H12-1)*100 -> -6.6635193 | F14: =('RAW DATA'!I13/'RAW DATA'!I12-1)*100 -> -1.3488232 | G14: =('RAW DATA'!J13/'RAW DATA'!J12-1)*100 -> 0.63674643 | H14: =('RAW DATA'!K13/'RAW DATA'!K12-1)*100 -> -10.25807 | I14: =('RAW DATA'!L13/'RAW DATA'!L12-1)*100 -> -10.540146 | ... L14: =('RAW DATA'!O13/'RAW DATA'!O12-1)*100 -> -6.1350169 | M14: =AVERAGE(C14:L14) -> -4.0453893
A15: 44470 | B15: =('RAW DATA'!E14/'RAW DATA'!E13-1)*100 -> 7.358266 | C15: =('RAW DATA'!F14/'RAW DATA'!F13-1)*100 -> -3.4958221 | D15: =('RAW DATA'!G14/'RAW DATA'!G13-1)*100 -> 13.115618 | E15: =('RAW DATA'!H14/'RAW DATA'!H13-1)*100 -> 5.867476 | F15: =('RAW DATA'!I14/'RAW DATA'!I13-1)*100 -> 9.3905837 | G15: =('RAW DATA'!J14/'RAW DATA'!J13-1)*100 -> 13.821138 | H15: =('RAW DATA'!K14/'RAW DATA'!K13-1)*100 -> 10.263229 | I15: =('RAW DATA'!L14/'RAW DATA'!L13-1)*100 -> -4.6611678 | ... L15: =('RAW DATA'!O14/'RAW DATA'!O13-1)*100 -> 18.260007 | M15: =AVERAGE(C15:L15) -> 8.2473626
A16: 44501 | B16: =('RAW DATA'!E15/'RAW DATA'!E14-1)*100 -> -0.80389937 | C16: =('RAW DATA'!F15/'RAW DATA'!F14-1)*100 -> -6.0211106 | D16: =('RAW DATA'!G15/'RAW DATA'!G14-1)*100 -> -6.9150175 | E16: =('RAW DATA'!H15/'RAW DATA'!H14-1)*100 -> 10.347417 | F16: =('RAW DATA'!I15/'RAW DATA'!I14-1)*100 -> 9.9092543 | G16: =('RAW DATA'!J15/'RAW DATA'!J14-1)*100 -> 7.7674836 | H16: =('RAW DATA'!K15/'RAW DATA'!K14-1)*100 -> -2.6366349 | I16: =('RAW DATA'!L15/'RAW DATA'!L14-1)*100 -> 0.27386176 | ... L16: =('RAW DATA'!O15/'RAW DATA'!O14-1)*100 -> -3.5291375 | M16: =AVERAGE(C16:L16) -> 1.0626142
A17: 44531 | B17: =('RAW DATA'!E16/'RAW DATA'!E15-1)*100 -> 4.2593326 | C17: =('RAW DATA'!F16/'RAW DATA'!F15-1)*100 -> 14.099684 | D17: =('RAW DATA'!G16/'RAW DATA'!G15-1)*100 -> 0.050025013 | E17: =('RAW DATA'!H16/'RAW DATA'!H15-1)*100 -> 7.5771634 | F17: =('RAW DATA'!I16/'RAW DATA'!I15-1)*100 -> 5.2498345 | G17: =('RAW DATA'!J16/'RAW DATA'!J15-1)*100 -> 3.5941097 | H17: =('RAW DATA'!K16/'RAW DATA'!K15-1)*100 -> 11.722227 | I17: =('RAW DATA'!L16/'RAW DATA'!L15-1)*100 -> 3.6653114 | ... L17: =('RAW DATA'!O16/'RAW DATA'!O15-1)*100 -> 13.038225 | M17: =AVERAGE(C17:L17) -> 7.4052678
... A65: 45992 | B65: =('RAW DATA'!E64/'RAW DATA'!E63-1)*100 -> -0.21573865 | C65: =('RAW DATA'!F64/'RAW DATA'!F63-1)*100 -> 3.6965618 | D65: =('RAW DATA'!G64/'RAW DATA'!G63-1)*100 -> 2.529511 | E65: =('RAW DATA'!H64/'RAW DATA'!H63-1)*100 -> -2.4122335 | F65: =('RAW DATA'!I64/'RAW DATA'!I63-1)*100 -> -5.6097508 | G65: =('RAW DATA'!J64/'RAW DATA'!J63-1)*100 -> -3.5924767 | H65: =('RAW DATA'!K64/'RAW DATA'!K63-1)*100 -> 0.073564332 | I65: =('RAW DATA'!L64/'RAW DATA'!L63-1)*100 -> 1.8735906 | ... L65: =('RAW DATA'!O64/'RAW DATA'!O63-1)*100 -> 0.10379461 | M65: =AVERAGE(C65:L65) -> -0.81347819

Sheet EXCESS RETURN
A1: Kelvin Nlebemchukwu
B2: Formula: Monthly return - Risk free monthly return x 100 | M2: Portfolio monthly return - Risk free monthly return
A4: Date | B4: SPY Excess % | C4: MA Excess % | D4: BAC Excess % | E4: AAPL Excess % | F4: COST Excess % | G4: HD Excess % | H4: LLY Excess % | I4: Meta Excess % | J4: MSFT Excess % | K4: PG Excess % | L4: UNH Excess % | M4: Portfolio Excess %
A5: 44197 | B5: =' MONTHLY RETURN'!B6-'RAW DATA'!D5 -> -0.59850948 | C5: =' MONTHLY RETURN'!C6-'RAW DATA'!D5 -> -11.386925 | D5: =' MONTHLY RETURN'!D6-'RAW DATA'!$D5 -> -1.5730337 | E5: =' MONTHLY RETURN'!E6-'RAW DATA'!$D5 -> -0.54966323 | F5: =' MONTHLY RETURN'!F6-'RAW DATA'!$D5 -> -4.0123368 | G5: =' MONTHLY RETURN'!G6-'RAW DATA'!$D5 -> 2.5140023 | H5: =' MONTHLY RETURN'!H6-'RAW DATA'!$D5 -> 23.172939 | I5: =' MONTHLY RETURN'!I6-'RAW DATA'!$D5 -> -5.4300144 | J5: =' MONTHLY RETURN'!J6-'RAW DATA'!$D5 -> 4.2873208 | K5: =' MONTHLY RETURN'!K6-'RAW DATA'!$D5 -> -7.8500533 | L5: =' MONTHLY RETURN'!L6-'RAW DATA'!$D5 -> -4.5361401 | M5: =' MONTHLY RETURN'!M6-'RAW DATA'!D5 -> -0.5363904
A6: 44228 | B6: =' MONTHLY RETURN'!B7-'RAW DATA'!D6 -> 2.7818787 | C6: =' MONTHLY RETURN'!C7-'RAW DATA'!$D6 -> 12.016287 | D6: =' MONTHLY RETURN'!D7-'RAW DATA'!$D6 -> 17.047184 | E6: =' MONTHLY RETURN'!E7-'RAW DATA'!$D6 -> -8.1114744 | F6: =' MONTHLY RETURN'!F7-'RAW DATA'!$D6 -> -6.0808985 | G6: =' MONTHLY RETURN'!G7-'RAW DATA'!$D6 -> -4.6085832 | H6: =' MONTHLY RETURN'!H7-'RAW DATA'!$D6 -> -1.4795298 | I6: =' MONTHLY RETURN'!I7-'RAW DATA'!$D6 -> -0.27675996 | J6: =' MONTHLY RETURN'!J7-'RAW DATA'!$D6 -> 0.18421171 | ... L6: =' MONTHLY RETURN'!L7-'RAW DATA'!$D6 -> -0.40654373 | M6: =' MONTHLY RETURN'!M7-'RAW DATA'!D6 -> 0.52128586
A7: 44256 | B7: =' MONTHLY RETURN'!B8-'RAW DATA'!D7 -> 4.1964738 | C7: =' MONTHLY RETURN'!C8-'RAW DATA'!$D7 -> 0.62229201 | D7: =' MONTHLY RETURN'!D8-'RAW DATA'!$D7 -> 11.475943 | E7: =' MONTHLY RETURN'!E8-'RAW DATA'!$D7 -> 0.88105727 | F7: =' MONTHLY RETURN'!F8-'RAW DATA'!$D7 -> 6.6984269 | G7: =' MONTHLY RETURN'!G8-'RAW DATA'!$D7 -> 18.157573 | H7: =' MONTHLY RETURN'!H8-'RAW DATA'!$D7 -> -8.4396215 | I7: =' MONTHLY RETURN'!I8-'RAW DATA'!$D7 -> 14.329828 | J7: =' MONTHLY RETURN'!J8-'RAW DATA'!$D7 -> 1.6907346 | ... L7: =' MONTHLY RETURN'!L8-'RAW DATA'!$D7 -> 11.994644 | M7: =' MONTHLY RETURN'!M8-'RAW DATA'!D7 -> 6.7044453
A8: 44287 | B8: =' MONTHLY RETURN'!B9-'RAW DATA'!D8 -> 5.6384474 | C8: =' MONTHLY RETURN'!C9-'RAW DATA'!$D8 -> 7.3057249 | D8: =' MONTHLY RETURN'!D9-'RAW DATA'!$D8 -> 5.2785069 | E8: =' MONTHLY RETURN'!E9-'RAW DATA'!$D8 -> 7.625126 | F8: =' MONTHLY RETURN'!F9-'RAW DATA'!$D8 -> 5.5647119 | G8: =' MONTHLY RETURN'!G9-'RAW DATA'!$D8 -> 6.6975023 | H8: =' MONTHLY RETURN'!H9-'RAW DATA'!$D8 -> -2.1681739 | I8: =' MONTHLY RETURN'!I9-'RAW DATA'!$D8 -> 10.369585 | J8: =' MONTHLY RETURN'!J9-'RAW DATA'!$D8 -> 6.9592062 | ... L8: =' MONTHLY RETURN'!L9-'RAW DATA'!$D8 -> 7.5637848 | M8: =' MONTHLY RETURN'!M9-'RAW DATA'!D8 -> 5.3713314
A9: 44317 | B9: =' MONTHLY RETURN'!B10-'RAW DATA'!D9 -> 0.65503301 | C9: =' MONTHLY RETURN'!C10-'RAW DATA'!$D9 -> -5.5102206 | D9: =' MONTHLY RETURN'!D10-'RAW DATA'!$D9 -> 4.5706371 | E9: =' MONTHLY RETURN'!E10-'RAW DATA'!$D9 -> -5.2122347 | F9: =' MONTHLY RETURN'!F10-'RAW DATA'!$D9 -> 1.8763484 | G9: =' MONTHLY RETURN'!G10-'RAW DATA'!$D9 -> -1.4704352 | H9: =' MONTHLY RETURN'!H10-'RAW DATA'!$D9 -> 9.2840328 | I9: =' MONTHLY RETURN'!I10-'RAW DATA'!$D9 -> 1.1244656 | J9: =' MONTHLY RETURN'!J10-'RAW DATA'!$D9 -> -0.9895683 | ... L9: =' MONTHLY RETURN'!L10-'RAW DATA'!$D9 -> 3.2909539 | M9: =' MONTHLY RETURN'!M10-'RAW DATA'!D9 -> 0.86815201
A10: 44348 | B10: =' MONTHLY RETURN'!B11-'RAW DATA'!D10 -> 1.9090955 | C10: =' MONTHLY RETURN'!C11-'RAW DATA'!$D10 -> 1.251247 | D10: =' MONTHLY RETURN'!D11-'RAW DATA'!$D10 -> -2.7284768 | E10: =' MONTHLY RETURN'!E11-'RAW DATA'!$D10 -> 10.100428 | F10: =' MONTHLY RETURN'!F11-'RAW DATA'!$D10 -> 4.6002954 | G10: =' MONTHLY RETURN'!G11-'RAW DATA'!$D10 -> -0.0070395269 | H10: =' MONTHLY RETURN'!H11-'RAW DATA'!$D10 -> 15.419775 | I10: =' MONTHLY RETURN'!I11-'RAW DATA'!$D10 -> 5.774238 | J10: =' MONTHLY RETURN'!J11-'RAW DATA'!$D10 -> 8.7494274 | ... L10: =' MONTHLY RETURN'!L11-'RAW DATA'!$D10 -> -2.7871821 | M10: =' MONTHLY RETURN'!M11-'RAW DATA'!D10 -> 4.0431226
A11: 44378 | B11: =' MONTHLY RETURN'!B12-'RAW DATA'!D11 -> 2.7763227 | C11: =' MONTHLY RETURN'!C12-'RAW DATA'!$D11 -> 5.7088166 | D11: =' MONTHLY RETURN'!D12-'RAW DATA'!$D11 -> -6.5631808 | E11: =' MONTHLY RETURN'!E12-'RAW DATA'!$D11 -> 6.4971963 | F11: =' MONTHLY RETURN'!F12-'RAW DATA'!$D11 -> 8.6068194 | G11: =' MONTHLY RETURN'!G12-'RAW DATA'!$D11 -> 3.4566511 | H11: =' MONTHLY RETURN'!H12-'RAW DATA'!$D11 -> 6.0904001 | I11: =' MONTHLY RETURN'!I12-'RAW DATA'!$D11 -> 2.4703157 | J11: =' MONTHLY RETURN'!J12-'RAW DATA'!$D11 -> 5.1696408 | ... L11: =' MONTHLY RETURN'!L12-'RAW DATA'!$D11 -> 3.3206447 | M11: =' MONTHLY RETURN'!M12-'RAW DATA'!D11 -> 4.0162483
A12: 44409 | B12: =' MONTHLY RETURN'!B13-'RAW DATA'!D12 -> 2.9755837 | C12: =' MONTHLY RETURN'!C13-'RAW DATA'!$D12 -> -10.183213 | D12: =' MONTHLY RETURN'!D13-'RAW DATA'!$D12 -> 8.8312445 | E12: =' MONTHLY RETURN'!E13-'RAW DATA'!$D12 -> 4.0929514 | F12: =' MONTHLY RETURN'!F13-'RAW DATA'!$D12 -> 6.1955802 | G12: =' MONTHLY RETURN'!G13-'RAW DATA'!$D12 -> -0.61243238 | H12: =' MONTHLY RETURN'!H13-'RAW DATA'!$D12 -> 6.0711374 | I12: =' MONTHLY RETURN'!I13-'RAW DATA'!$D12 -> 6.477687 | J12: =' MONTHLY RETURN'!J13-'RAW DATA'!$D12 -> 5.956889 | ... L12: =' MONTHLY RETURN'!L13-'RAW DATA'!$D12 -> 0.98246714 | M12: =' MONTHLY RETURN'!M13-'RAW DATA'!D12 -> 2.8557338
A13: 44440 | B13: =' MONTHLY RETURN'!B14-'RAW DATA'!D13 -> -4.9637032 | C13: =' MONTHLY RETURN'!C14-'RAW DATA'!$D13 -> 0.41805028 | D13: =' MONTHLY RETURN'!D14-'RAW DATA'!$D13 -> 1.6871987 | E13: =' MONTHLY RETURN'!E14-'RAW DATA'!$D13 -> -6.6635193 | F13: =' MONTHLY RETURN'!F14-'RAW DATA'!$D13 -> -1.3488232 | G13: =' MONTHLY RETURN'!G14-'RAW DATA'!$D13 -> 0.63674643 | H13: =' MONTHLY RETURN'!H14-'RAW DATA'!$D13 -> -10.25807 | I13: =' MONTHLY RETURN'!I14-'RAW DATA'!$D13 -> -10.540146 | J13: =' MONTHLY RETURN'!J14-'RAW DATA'!$D13 -> -6.4329897 | ... L13: =' MONTHLY RETURN'!L14-'RAW DATA'!$D13 -> -6.1350169 | M13: =' MONTHLY RETURN'!M14-'RAW DATA'!D13 -> -4.0453893
A14: 44470 | B14: =' MONTHLY RETURN'!B15-'RAW DATA'!D14 -> 7.358266 | C14: =' MONTHLY RETURN'!C15-'RAW DATA'!$D14 -> -3.4958221 | D14: =' MONTHLY RETURN'!D15-'RAW DATA'!$D14 -> 13.115618 | E14: =' MONTHLY RETURN'!E15-'RAW DATA'!$D14 -> 5.867476 | F14: =' MONTHLY RETURN'!F15-'RAW DATA'!$D14 -> 9.3905837 | G14: =' MONTHLY RETURN'!G15-'RAW DATA'!$D14 -> 13.821138 | H14: =' MONTHLY RETURN'!H15-'RAW DATA'!$D14 -> 10.263229 | I14: =' MONTHLY RETURN'!I15-'RAW DATA'!$D14 -> -4.6611678 | J14: =' MONTHLY RETURN'!J15-'RAW DATA'!$D14 -> 17.628911 | ... L14: =' MONTHLY RETURN'!L15-'RAW DATA'!$D14 -> 18.260007 | M14: =' MONTHLY RETURN'!M15-'RAW DATA'!D14 -> 8.2473626
A15: 44501 | B15: =' MONTHLY RETURN'!B16-'RAW DATA'!D15 -> -0.80389937 | C15: =' MONTHLY RETURN'!C16-'RAW DATA'!$D15 -> -6.0211106 | D15: =' MONTHLY RETURN'!D16-'RAW DATA'!$D15 -> -6.9150175 | E15: =' MONTHLY RETURN'!E16-'RAW DATA'!$D15 -> 10.347417 | F15: =' MONTHLY RETURN'!F16-'RAW DATA'!$D15 -> 9.9092543 | G15: =' MONTHLY RETURN'!G16-'RAW DATA'!$D15 -> 7.7674836 | H15: =' MONTHLY RETURN'!H16-'RAW DATA'!$D15 -> -2.6366349 | I15: =' MONTHLY RETURN'!I16-'RAW DATA'!$D15 -> 0.27386176 | J15: =' MONTHLY RETURN'!J16-'RAW DATA'!$D15 -> -0.30910453 | ... L15: =' MONTHLY RETURN'!L16-'RAW DATA'!$D15 -> -3.5291375 | M15: =' MONTHLY RETURN'!M16-'RAW DATA'!D15 -> 1.0626142
A16: 44531 | B16: =' MONTHLY RETURN'!B17-'RAW DATA'!D16 -> 4.2493326 | C16: =' MONTHLY RETURN'!C17-'RAW DATA'!$D16 -> 14.089684 | D16: =' MONTHLY RETURN'!D17-'RAW DATA'!$D16 -> 0.040025013 | E16: =' MONTHLY RETURN'!E17-'RAW DATA'!$D16 -> 7.5671634 | F16: =' MONTHLY RETURN'!F17-'RAW DATA'!$D16 -> 5.2398345 | G16: =' MONTHLY RETURN'!G17-'RAW DATA'!$D16 -> 3.5841097 | H16: =' MONTHLY RETURN'!H17-'RAW DATA'!$D16 -> 11.712227 | I16: =' MONTHLY RETURN'!I17-'RAW DATA'!$D16 -> 3.6553114 | J16: =' MONTHLY RETURN'!J17-'RAW DATA'!$D16 -> 1.9098847 | ... L16: =' MONTHLY RETURN'!L17-'RAW DATA'!$D16 -> 13.028225 | M16: =' MONTHLY RETURN'!M17-'RAW DATA'!D16 -> 7.3952678
A17: 44562 | B17: =' MONTHLY RETURN'!B18-'RAW DATA'!D17 -> -4.9408086 | C17: =' MONTHLY RETURN'!C18-'RAW DATA'!$D17 -> 7.5296736 | D17: =' MONTHLY RETURN'!D18-'RAW DATA'!$D17 -> 4.2 | E17: =' MONTHLY RETURN'!E18-'RAW DATA'!$D17 -> -1.5696872 | F17: =' MONTHLY RETURN'!F18-'RAW DATA'!$D17 -> -11.021277 | G17: =' MONTHLY RETURN'!G18-'RAW DATA'!$D17 -> -11.205997 | H17: =' MONTHLY RETURN'!H18-'RAW DATA'!$D17 -> -11.161218 | I17: =' MONTHLY RETURN'!I18-'RAW DATA'!$D17 -> -6.8648584 | J17: =' MONTHLY RETURN'!J18-'RAW DATA'!$D17 -> -7.534878 | ... L17: =' MONTHLY RETURN'!L18-'RAW DATA'!$D17 -> -5.5812064 | M17: =' MONTHLY RETURN'!M18-'RAW DATA'!D17 -> -4.5121922
... A64: 45992 | B64: =' MONTHLY RETURN'!B65-'RAW DATA'!D64 -> -0.50740531 | C64: =' MONTHLY RETURN'!C65-'RAW DATA'!$D64 -> 3.4048951 | D64: =' MONTHLY RETURN'!D65-'RAW DATA'!$D64 -> 2.2378443 | E64: =' MONTHLY RETURN'!E65-'RAW DATA'!$D64 -> -2.7039001 | F64: =' MONTHLY RETURN'!F65-'RAW DATA'!$D64 -> -5.9014174 | G64: =' MONTHLY RETURN'!G65-'RAW DATA'!$D64 -> -3.8841433 | H64: =' MONTHLY RETURN'!H65-'RAW DATA'!$D64 -> -0.21810234 | I64: =' MONTHLY RETURN'!I65-'RAW DATA'!$D64 -> 1.5819239 | J64: =' MONTHLY RETURN'!J65-'RAW DATA'!$D64 -> -1.8127728 | ... L64: =' MONTHLY RETURN'!L65-'RAW DATA'!$D64 -> -0.18787206 | M64: =' MONTHLY RETURN'!M65-'RAW DATA'!D64 -> -1.1051449

Sheet STATISTIC
A1: Kelvin Nlebemchukwu
A2: Asset | B2: Mean Monthly Return % | C2: Stdev Monthly Return % | D2: Annual Mean Return % | E2: Annual Stdev (Vol) % | F2: Mean Monthly Excess Return % | G2: Stdev of Monthly Excess Returns % | H2: Sharpe Ratio | I2: Correlation to SPY | J2: Beta to SPY
A3: MA | B3: =AVERAGE(' MONTHLY RETURN'!C6:C65) -> 1.0287815 | C3: =_xlfn.STDEV.S(' MONTHLY RETURN'!C6:C65) -> 6.3224252 | D3: =B3*12 -> 12.345378 | E3: =C3*(SQRT(12)) -> 21.901523 | F3: =AVERAGE('EXCESS RETURN'!C5:C64) -> 0.7736009 | G3: =_xlfn.STDEV.S('EXCESS RETURN'!C5:C64) -> 6.3027601 | H3: =(F3*12)/(G3*(SQRT(12))) -> 0.42518391 | I3: =CORREL('EXCESS RETURN'!C5:C64,'EXCESS RETURN'!B5:B64) -> 0.59495509 | J3: =SLOPE('EXCESS RETURN'!C5:C64,'EXCESS RETURN'!B5:B64) -> 0.85116677
A4: BAC | B4: =AVERAGE(' MONTHLY RETURN'!D6:D65) -> 1.5282987 | C4: =_xlfn.STDEV.S(' MONTHLY RETURN'!D6:D65) -> 8.1474951 | D4: =B4*12 -> 18.339584 | E4: =C4*(SQRT(12)) -> 28.223751 | F4: =AVERAGE('EXCESS RETURN'!D5:D64) -> 1.2731181 | G4: =_xlfn.STDEV.S('EXCESS RETURN'!D5:D64) -> 8.1409441 | H4: =(F4*12)/(G4*(SQRT(12))) -> 0.54173208 | I4: =CORREL('EXCESS RETURN'!D5:D64,'EXCESS RETURN'!B5:B64) -> 0.7091876 | J4: =SLOPE('EXCESS RETURN'!D5:D64,'EXCESS RETURN'!B5:B64) -> 1.3104957
A5: AAPL | B5: =AVERAGE(' MONTHLY RETURN'!E6:E65) -> 1.4902479 | C5: =_xlfn.STDEV.S(' MONTHLY RETURN'!E6:E65) -> 7.0734174 | D5: =B5*12 -> 17.882974 | E5: =C5*(SQRT(12)) -> 24.503037 | F5: =AVERAGE(' MONTHLY RETURN'!E6:E65) -> 1.4902479 | G5: =_xlfn.STDEV.S('EXCESS RETURN'!E5:E64) -> 7.0678898 | H5: =(F5*12)/(G5*(SQRT(12))) -> 0.73039765 | I5: =CORREL('EXCESS RETURN'!E5:E64,'EXCESS RETURN'!B5:B64) -> 0.67152416 | J5: =SLOPE('EXCESS RETURN'!E5:E64,'EXCESS RETURN'!B5:B64) -> 1.0773358
A6: COST | B6: =AVERAGE(' MONTHLY RETURN'!F6:F65) -> 1.7493968 | C6: =_xlfn.STDEV.S(' MONTHLY RETURN'!F6:F65) -> 6.7135578 | D6: =B6*12 -> 20.992762 | E6: =C6*(SQRT(12)) -> 23.256446 | F6: =AVERAGE('EXCESS RETURN'!F5:F64) -> 1.4942163 | G6: =_xlfn.STDEV.S('EXCESS RETURN'!F5:F64) -> 6.7095238 | H6: =(F6*12)/(G6*(SQRT(12))) -> 0.77145817 | I6: =CORREL('EXCESS RETURN'!F5:F64,'EXCESS RETURN'!B5:B64) -> 0.65228 | J6: =SLOPE('EXCESS RETURN'!F5:F64,'EXCESS RETURN'!B5:B64) -> 0.99340299
A7: HD | B7: =AVERAGE(' MONTHLY RETURN'!G6:G65) -> 0.86892002 | C7: =_xlfn.STDEV.S(' MONTHLY RETURN'!G6:G65) -> 6.9337123 | D7: =B7*12 -> 10.42704 | E7: =C7*(SQRT(12)) -> 24.019084 | F7: =AVERAGE('EXCESS RETURN'!G5:G64) -> 0.61373947 | G7: =_xlfn.STDEV.S('EXCESS RETURN'!G5:G64) -> 6.9342909 | H7: =(F7*12)/(G7*(SQRT(12))) -> 0.30660033 | I7: =CORREL('EXCESS RETURN'!G5:G64,'EXCESS RETURN'!B5:B64) -> 0.66632351 | J7: =SLOPE('EXCESS RETURN'!G5:G64,'EXCESS RETURN'!B5:B64) -> 1.048786
A8: LLY | B8: =AVERAGE(' MONTHLY RETURN'!H6:H65) -> 3.64296 | C8: =_xlfn.STDEV.S(' MONTHLY RETURN'!H6:H65) -> 9.3995187 | D8: =B8*12 -> 43.71552 | E8: =C8*(SQRT(12)) -> 32.560888 | F8: =AVERAGE('EXCESS RETURN'!H5:H64) -> 3.3877795 | G8: =_xlfn.STDEV.S('EXCESS RETURN'!H5:H64) -> 9.403679 | H8: =(F8*12)/(G8*(SQRT(12))) -> 1.247981 | I8: =CORREL('EXCESS RETURN'!H5:H64,'EXCESS RETURN'!B5:B64) -> 0.1564284 | J8: =SLOPE('EXCESS RETURN'!H5:H64,'EXCESS RETURN'!B5:B64) -> 0.33389745
A9: META | B9: =AVERAGE(' MONTHLY RETURN'!I6:I65) -> 2.2097672 | C9: =_xlfn.STDEV.S(' MONTHLY RETURN'!I6:I65) -> 11.847213 | D9: =B9*12 -> 26.517206 | E9: =C9*(SQRT(12)) -> 41.039948 | F9: =AVERAGE('EXCESS RETURN'!I5:I64) -> 1.9545866 | G9: =_xlfn.STDEV.S('EXCESS RETURN'!I5:I64) -> 11.793882 | H9: =(F9*12)/(G9*(SQRT(12))) -> 0.57410162 | I9: =CORREL('EXCESS RETURN'!I5:I64,'EXCESS RETURN'!B5:B64) -> 0.45192732 | J9: =SLOPE('EXCESS RETURN'!I5:I64,'EXCESS RETURN'!B5:B64) -> 1.209832
A10: MSFT | B10: =AVERAGE(' MONTHLY RETURN'!J6:J65) -> 1.5708751 | C10: =_xlfn.STDEV.S(' MONTHLY RETURN'!J6:J65) -> 6.4318421 | D10: =B10*12 -> 18.850501 | E10: =C10*(SQRT(12)) -> 22.280555 | F10: =AVERAGE('EXCESS RETURN'!J5:J64) -> 1.3156945 | G10: =_xlfn.STDEV.S('EXCESS RETURN'!J5:J64) -> 6.4228738 | H10: =(F10*12)/(G10*(SQRT(12))) -> 0.70960441 | I10: =CORREL('EXCESS RETURN'!J5:J64,'EXCESS RETURN'!B5:B64) -> 0.71944491 | J10: =SLOPE('EXCESS RETURN'!J5:J64,'EXCESS RETURN'!B5:B64) -> 1.048882
A11: PG | B11: =AVERAGE(' MONTHLY RETURN'!K6:K65) -> 0.38398566 | C11: =_xlfn.STDEV.S(' MONTHLY RETURN'!K6:K65) -> 5.0954778 | D11: =B11*12 -> 4.6078279 | E11: =C11*(SQRT(12)) -> 17.651253 | F11: =AVERAGE('EXCESS RETURN'!K5:K64) -> 0.1288051 | G11: =_xlfn.STDEV.S('EXCESS RETURN'!K5:K64) -> 5.0905994 | H11: =(F11*12)/(G11*(SQRT(12))) -> 0.087650574 | I11: =CORREL('EXCESS RETURN'!K5:K64,'EXCESS RETURN'!B5:B64) -> 0.33224695 | J11: =SLOPE('EXCESS RETURN'!K5:K64,'EXCESS RETURN'!B5:B64) -> 0.38391018
A12: UNH | B12: =AVERAGE(' MONTHLY RETURN'!L6:L65) -> 0.41990575 | C12: =_xlfn.STDEV.S(' MONTHLY RETURN'!L6:L65) -> 8.746582 | D12: =B12*12 -> 5.038869 | E12: =C12*(SQRT(12)) -> 30.299049 | F12: =AVERAGE('EXCESS RETURN'!L5:L64) -> 0.16472519 | G12: =_xlfn.STDEV.S('EXCESS RETURN'!L5:L64) -> 8.7725176 | H12: =(F12*12)/(G12*(SQRT(12))) -> 0.065046869 | I12: =CORREL('EXCESS RETURN'!L5:L64,'EXCESS RETURN'!B5:B64) -> 0.21874729 | J12: =SLOPE('EXCESS RETURN'!L5:L64,'EXCESS RETURN'!B5:B64) -> 0.43557871
A13: SPY | B13: =AVERAGE(' MONTHLY RETURN'!B6:B65) -> 1.2214156 | C13: =_xlfn.STDEV.S(' MONTHLY RETURN'!B6:B65) -> 4.4244273 | D13: =B13*12 -> 14.656988 | E13: =C13*(SQRT(12)) -> 15.326666 | F13: =AVERAGE('EXCESS RETURN'!B5:B64) -> 0.96623509 | G13: =_xlfn.STDEV.S('EXCESS RETURN'!B5:B64) -> 4.4055517 | H13: =(F13*12)/(G13*(SQRT(12))) -> 0.75975424 | I13: =CORREL('EXCESS RETURN'!B5:B64,'EXCESS RETURN'!B5:B64) -> 1 | J13: =SLOPE('EXCESS RETURN'!B5:B64,'EXCESS RETURN'!B5:B64) -> 1
A14: PORTFOLIO | B14: =AVERAGE(' MONTHLY RETURN'!M6:M65) -> 1.4893139 | C14: =_xlfn.STDEV.S(' MONTHLY RETURN'!M6:M65) -> 4.3071165 | D14: =B14*12 -> 17.871766 | E14: =C14*(SQRT(12)) -> 14.920289 | F14: =AVERAGE('EXCESS RETURN'!M5:M64) -> 1.2341333 | G14: =_xlfn.STDEV.S('EXCESS RETURN'!M5:M64) -> 4.2911546 | H14: =(F14*12)/(G14*(SQRT(12))) -> 0.9962734 | I14: =CORREL('EXCESS RETURN'!M5:M64,'EXCESS RETURN'!B5:B64) -> 0.89250405 | J14: =SLOPE('EXCESS RETURN'!M5:M64,'EXCESS RETURN'!B5:B64) -> 0.86932877

Sheet PLOTS
A1: Kelvin Nlebemchukwu
A2: Asset | B2: =STATISTIC!E2 -> Annual Stdev (Vol) % | C2: =STATISTIC!D2 -> Annual Mean Return %
A3: MA | B3: =STATISTIC!E3 -> 21.901523 | C3: =STATISTIC!D3 -> 12.345378
A4: BAC | B4: =STATISTIC!E4 -> 28.223751 | C4: =STATISTIC!D4 -> 18.339584
A5: AAPL | B5: =STATISTIC!E5 -> 24.503037 | C5: =STATISTIC!D5 -> 17.882974
A6: COST | B6: =STATISTIC!E6 -> 23.256446 | C6: =STATISTIC!D6 -> 20.992762
A7: HD | B7: =STATISTIC!E7 -> 24.019084 | C7: =STATISTIC!D7 -> 10.42704
A8: LLY | B8: =STATISTIC!E8 -> 32.560888 | C8: =STATISTIC!D8 -> 43.71552
A9: META | B9: =STATISTIC!E9 -> 41.039948 | C9: =STATISTIC!D9 -> 26.517206
A10: MSFT | B10: =STATISTIC!E10 -> 22.280555 | C10: =STATISTIC!D10 -> 18.850501
A11: PG | B11: =STATISTIC!E11 -> 17.651253 | C11: =STATISTIC!D11 -> 4.6078279
A12: UNH | B12: =STATISTIC!E12 -> 30.299049 | C12: =STATISTIC!D12 -> 5.038869
A13: SPY | B13: =STATISTIC!E13 -> 15.326666 | C13: =STATISTIC!D13 -> 14.656988
A14: PORTFOLIO | B14: =STATISTIC!E14 -> 14.920289 | C14: =STATISTIC!D14 -> 17.871766
A16: =STATISTIC!A2 -> Asset | B16: =STATISTIC!I2 -> Correlation to SPY | C16: =STATISTIC!J2 -> Beta to SPY
A17: =STATISTIC!A3 -> MA | B17: =STATISTIC!I3 -> 0.59495509 | C17: =STATISTIC!J3 -> 0.85116677
A18: =STATISTIC!A4 -> BAC | B18: =STATISTIC!I4 -> 0.7091876 | C18: =STATISTIC!J4 -> 1.3104957
A19: =STATISTIC!A5 -> AAPL | B19: =STATISTIC!I5 -> 0.67152416 | C19: =STATISTIC!J5 -> 1.0773358
A20: =STATISTIC!A6 -> COST | B20: =STATISTIC!I6 -> 0.65228 | C20: =STATISTIC!J6 -> 0.99340299
A21: =STATISTIC!A7 -> HD | B21: =STATISTIC!I7 -> 0.66632351 | C21: =STATISTIC!J7 -> 1.048786
A22: =STATISTIC!A8 -> LLY | B22: =STATISTIC!I8 -> 0.1564284 | C22: =STATISTIC!J8 -> 0.33389745
A23: =STATISTIC!A9 -> META | B23: =STATISTIC!I9 -> 0.45192732 | C23: =STATISTIC!J9 -> 1.209832
A24: =STATISTIC!A10 -> MSFT | B24: =STATISTIC!I10 -> 0.71944491 | C24: =STATISTIC!J10 -> 1.048882
A25: =STATISTIC!A11 -> PG | B25: =STATISTIC!I11 -> 0.33224695 | C25: =STATISTIC!J11 -> 0.38391018
A26: =STATISTIC!A12 -> UNH | B26: =STATISTIC!I12 -> 0.21874729 | C26: =STATISTIC!J12 -> 0.43557871
A27: =STATISTIC!A13 -> SPY | B27: =STATISTIC!I13 -> 1 | C27: =STATISTIC!J13 -> 1
A28: =STATISTIC!A14 -> PORTFOLIO | B28: =STATISTIC!I14 -> 0.89250405 | C28: =STATISTIC!J14 -> 0.86932877

Sheet CAPM
A1: Kelvin Nlebemchukwu
A2: National, big-box retailer | C2: Beta | D2: Pharmaceutical manufacturer | G2: Beta | H2: Large bank | J2: Beta | K2: Technology firm | M2: Beta
A3: COSTCO (COST) | C3: =STATISTIC!J6 -> 0.99340299 | D3: ELI LILLY (LLY) | G3: =STATISTIC!J8 -> 0.33389745 | H3: BANK OF AMERICA | J3: =STATISTIC!J4 -> 1.3104957 | K3: AAPL | M3: =STATISTIC!J5 -> 1.0773358
A4: HOME DEPOT (HD) | C4: =STATISTIC!J7 -> 1.048786 | K4: MSFT | M4: =STATISTIC!J10 -> 1.048882
A5: TO USE | C5: =AVERAGE(C3:C4) -> 1.0210945 | D5: TO USE | G5: =G3 -> 0.33389745 | H5: TO USE | J5: =J3 -> 1.3104957 | K5: META | M5: =STATISTIC!J9 -> 1.209832
K6: TO USE | M6: =AVERAGE(M3:M5) -> 1.1120166
A7: Cost of Capital
A8: RF | B8: 3.75 | C8: RF+B(MRP)
A9: MRP | B9: 5
A10: Pharmaceutical | B10: =B8+(G5*B9) -> 5.4194872
A11: National Big box retailer | B11: =B8+(C5*B9) -> 8.8554725
A12: Large Bank | B12: =B8+(J5*B9) -> 10.302479
A13: Technology | B13: =B8+(M6*B9) -> 9.3100831
